Age;Gender;Weightkg;Heightm;Max_BPM;Avg_BPM;Resting_BPM;Session_Durationhours;Calories_Burned;Workout_Type;Fat_Percentage;Water_Intakeliters;Workout_Frequencydaysweek;BMI;Experience_Level
46;Female;74,9;1,53;179;151;66;1,3;883;HIIT;33,9;2,1;4;32;1
32;Female;68,1;1,66;167;122;54;1,11;677;Cardio;33,4;2,3;4;24,71;1
25;Male;53,2;1,7;190;164;56;,59;532;Strength;28,8;2,1;3;18,41;0
38;Male;46,1;1,79;188;158;68;,64;556;Strength;29,2;2,8;3;14,39;0
36;Male;70,3;1,72;174;169;73;1,49;1385;Cardio;21,3;2,3;3;23,76;1
40;Female;69,7;1,51;189;141;64;1,27;895;Cardio;30,6;1,9;3;30,57;1
28;Male;121,7;1,94;185;127;52;1,03;719;Strength;28,9;2,6;4;32,34;1
28;Male;101,8;1,84;169;136;64;1,08;808;Cardio;29,7;2,7;3;30,07;0
41;Male;120,8;1,67;188;146;54;,82;593;HIIT;20,5;3;2;43,31;0
53;Male;51,7;1,7;175;152;72;1,15;865;HIIT;23,6;3,5;3;17,89;1
57;Male;112,5;1,61;195;165;61;1,24;1013;Cardio;22,1;2,7;3;43,4;1
41;Male;94,5;2;179;136;69;1,18;794;HIIT;27,6;3,7;3;23,62;0
20;Male;117,7;1,81;196;161;54;1,35;1195;Yoga;26,4;3,3;3;35,93;1
39;Female;42,5;1,75;181;131;52;1,13;740;Strength;26,2;2,1;2;13,88;0
19;Female;64;1,53;166;167;58;1,33;1111;HIIT;29,8;2,3;3;27,34;1
41;Female;43,8;1,77;182;165;58;1,19;884;Cardio;31,9;1,6;3;13,98;0
47;Female;66,8;1,75;199;146;56;1,13;742;Strength;32,8;2,5;3;21,81;1
55;Female;75,2;1,67;188;167;51;1,37;1030;HIIT;25,2;2,2;2;26,96;0
19;Male;89;1,77;175;127;72;1,5;1048;Strength;28,9;3,7;4;28,41;1
38;Male;71,9;1,77;197;142;72;1,12;875;Cardio;25,7;3,1;2;22,95;0
50;Female;71;1,68;187;161;70;1,17;848;Yoga;33,1;2,5;2;25,16;0
29;Male;120,9;1,78;197;168;65;,78;721;Yoga;28,1;3,4;2;38,16;0
39;Female;64,3;1,69;190;148;58;1,25;925;HIIT;26,9;1,9;4;22,51;1
42;Female;63,7;1,71;173;169;62;1,42;1080;Yoga;26,1;1,8;3;21,78;1
44;Male;65,2;1,8;192;139;68;,73;502;HIIT;27,2;2,7;2;20,12;0
59;Male;53,9;1,75;168;135;69;1,48;989;Strength;21,6;2,8;4;17,6;1
33;Female;78;1,68;183;135;55;1,29;871;HIIT;32,3;1,8;3;27,64;1
32;Male;108,2;1,8;172;138;53;1,27;964;HIIT;28,4;3,5;3;33,4;0
20;Female;65,4;1,52;185;127;50;1,03;654;Yoga;28;2,2;4;28,31;1
54;Female;50,2;1,61;188;157;67;1,48;1046;HIIT;28,2;2,7;2;19,37;0
24;Female;58,9;1,51;187;157;68;1,04;816;Cardio;31,7;2,5;2;25,83;0
26;Male;127,6;1,73;167;160;62;1,32;1162;Strength;27,3;2,9;3;42,63;0
56;Female;59,3;1,56;182;155;57;1,26;879;Cardio;33,4;2,6;4;24,37;1
35;Male;96,9;1,71;188;145;72;1,34;1069;Strength;24,2;2,9;3;33,14;1
21;Male;62,6;1,81;164;150;62;1,3;1072;Strength;27,6;3,5;4;19,11;1
42;Male;45,5;1,6;166;163;64;1,31;1057;Strength;21,7;2,6;3;17,77;1
31;Female;48,8;1,51;195;131;60;1,48;969;Cardio;28,2;2;2;21,4;0
26;Female;44,3;1,6;186;136;61;1,08;734;Cardio;34,7;2;3;17,3;0
43;Male;113,2;1,83;161;134;63;1,45;962;Yoga;29,9;2,9;4;33,8;1
19;Female;60,5;1,59;184;128;53;1,14;730;Cardio;30,1;2,2;2;23,93;0
37;Male;124,2;1,76;168;158;50;1,5;1304;HIIT;29,3;2,8;2;40,1;0
45;Male;52,4;1,85;186;161;73;1,2;956;Strength;25,2;2,5;3;15,31;0
24;Male;54,7;1,74;160;167;53;,84;772;Yoga;22,9;3,6;3;18,07;0
25;Male;88,1;1,95;182;131;68;1,41;1016;Cardio;22,7;3;2;23,17;0
52;Female;59,7;1,71;169;151;58;1,23;836;Strength;34,3;2;3;20,42;0
31;Female;79,7;1,54;184;144;59;1,03;742;Cardio;26,7;2,3;4;33,61;1
34;Female;51;1,62;162;158;53;1,42;1122;Yoga;30,8;2,4;3;19,43;1
57;Male;122,1;1,89;165;134;58;1,13;750;Cardio;27,4;3,6;3;34,18;0
21;Male;96,7;1,72;161;151;62;1,26;1046;Strength;25;2,8;3;32,69;0
19;Female;73;1,79;177;125;61;,81;506;HIIT;27,7;1,6;3;22,78;0
23;Male;114,8;1,6;182;163;60;1,47;1318;Cardio;21,7;2,7;4;44,84;1
59;Female;65,5;1,52;161;162;61;1,4;1021;Yoga;31,2;2,1;3;28,35;1
21;Female;50,3;1,52;171;154;67;1,08;832;Cardio;32,2;2,6;3;21,77;0
35;Female;44,6;1,62;196;157;65;,56;440;HIIT;32,4;2;2;16,99;0
43;Female;58,2;1,61;179;124;54;1,04;580;Strength;26,4;2,6;3;22,45;1
51;Female;44,8;1,63;198;137;69;1,08;666;Yoga;33,8;2,1;4;16,86;1
53;Male;51,8;1,74;179;127;61;1,23;773;Strength;21,3;3,7;3;17,11;1
48;Female;67,1;1,61;160;151;74;,62;421;Cardio;33,4;1,5;2;25,89;0
25;Female;65,4;1,77;160;141;58;,89;627;Cardio;27,6;2,6;3;20,88;0
40;Male;106,5;1,65;162;162;74;1,32;1176;HIIT;21;3,6;4;39,12;1
38;Female;61,4;1,54;183;131;69;1,47;963;HIIT;30,6;2,7;3;25,89;1
33;Female;40,5;1,63;181;147;66;1,07;786;Yoga;31,9;1,5;4;15,24;1
35;Male;70,1;1,79;185;125;63;1,08;743;Cardio;28;2,3;3;21,88;1
41;Male;94,1;1,62;172;139;50;1,13;777;Cardio;23,4;3,1;4;35,86;1
43;Male;55,5;1,82;160;124;66;1,08;663;Strength;20,1;2;3;16,76;0
42;Female;53,7;1,72;183;142;74;1,37;875;Cardio;29,8;1,6;3;18,15;0
58;Female;66,1;1,75;169;128;57;,63;363;Cardio;25,2;1,8;2;21,58;0
46;Male;103,9;1,77;194;148;54;1,18;864;Yoga;20,9;2,9;2;33,16;0
18;Female;52,3;1,74;187;165;58;1,2;990;Cardio;29,4;2,2;2;17,27;0
24;Female;72,9;1,76;175;127;68;,86;546;Yoga;30,8;1,5;3;23,53;0
26;Female;76,7;1,63;199;139;72;1,08;751;Strength;25,6;1,7;2;28,87;0
41;Male;72,1;1,83;175;133;58;1,13;744;Yoga;21,4;2,8;3;21,53;1
18;Female;54,8;1,68;176;158;71;1,27;1003;Strength;32;2,2;4;19,42;1
25;Male;105;1,88;174;156;67;1,34;1150;Cardio;21,4;2,3;3;29,71;1
41;Female;55;1,55;175;169;65;1,45;1103;Strength;31,4;2;4;22,89;1
28;Male;81,6;1,66;174;153;50;1,09;917;Yoga;20,5;3,5;4;29,61;1
34;Female;75,6;1,6;193;130;51;,64;416;HIIT;29,1;2,7;2;29,53;0
52;Male;74;1,63;174;150;50;1,26;936;Cardio;25,7;3,7;3;27,85;1
50;Female;56,4;1,59;185;163;74;1,26;924;HIIT;34,3;2,6;3;22,31;0
22;Male;102,6;1,84;163;153;65;1,25;1052;Strength;20,5;2,7;3;30,3;1
59;Female;54,6;1,57;164;169;64;,58;441;Cardio;29,2;2,3;3;22,15;0
56;Male;129;1,78;194;126;64;1,29;805;Yoga;27,1;2,7;2;40,71;0
58;Male;103,5;1,66;172;168;61;1,33;1106;Cardio;24,6;3,1;3;37,56;0
45;Female;59,4;1,51;169;142;65;1,15;735;Strength;33,1;1,9;4;26,05;1
26;Male;77,7;1,62;177;126;73;1,16;804;Yoga;29,6;3;3;29,61;1
25;Female;41,2;1,62;193;144;64;1,49;1073;Yoga;28,9;2,1;4;15,7;1
29;Male;58,6;1,61;198;122;72;1,2;805;Yoga;23,4;2;3;22,61;1
51;Male;109,3;1,78;182;157;64;,54;420;Strength;28,7;3,3;3;34,5;0
50;Male;69,6;1,96;166;139;68;,97;667;Strength;25,6;2;3;18,12;0
41;Male;71,7;1,96;162;168;51;,51;424;Yoga;27,3;2,5;2;18,66;0
52;Female;79,4;1,59;166;163;59;1,39;1020;Strength;26,6;1,5;3;31,41;1
57;Female;78,4;1,62;185;149;52;1,01;677;Strength;31,7;2;4;29,87;1
39;Female;55,4;1,6;192;136;72;1,44;979;HIIT;26,3;1,6;3;21,64;1
44;Female;61,7;1,55;196;129;66;1,41;819;Strength;33,1;2,6;4;25,68;1
52;Male;82,4;1,72;166;137;53;1,01;685;Strength;24,4;2,7;4;27,85;1
54;Male;67;1,68;191;164;63;,55;446;Yoga;20,5;2,8;3;23,74;0
31;Female;42,3;1,6;163;163;70;1,09;888;Cardio;25,1;1,9;3;16,52;1
18;Male;92,4;1,74;195;168;50;1,41;1303;Yoga;21,3;3,1;2;30,52;0
22;Female;63,2;1,54;191;155;53;1,02;790;Cardio;29,5;2,4;4;26,65;1
43;Male;82,7;1,85;187;142;50;1,22;858;Yoga;28,2;3,1;4;24,16;1
31;Male;86,6;1,76;172;151;66;1,29;1071;Strength;28,9;3,3;3;27,96;1
56;Male;129,5;1,95;160;129;66;1;639;Strength;25,2;3,5;2;34,06;0
44;Male;98;1,83;194;130;56;1,28;824;Cardio;25,7;3,5;4;29,26;1
32;Male;78,6;1,62;195;125;69;1,28;880;Yoga;29,6;3,1;3;29,95;0
32;Female;59;1,66;184;160;64;,51;408;Cardio;31;1,8;2;21,41;0
59;Male;122,3;1,89;178;153;51;,66;500;Yoga;20,1;3,1;3;34,24;0
49;Female;45,2;1,74;164;156;73;1,24;870;Strength;30,8;2,1;3;14,93;1
56;Male;55,6;1,92;181;136;62;,68;458;Strength;29,4;3,2;3;15,08;0
21;Male;125,2;1,66;196;159;60;1,38;1207;HIIT;29,8;3,4;3;45,43;1
47;Female;58,5;1,79;195;131;71;1,42;837;Yoga;30,3;2,4;4;18,26;1
54;Male;86,1;1,95;195;140;64;1,17;811;Yoga;27,9;3,4;2;22,64;0
40;Female;63,5;1,61;163;159;59;1,31;1041;Cardio;33,4;1,6;3;24,5;1
56;Male;69,3;1,68;195;138;58;,66;451;Yoga;26,5;2,1;2;24,55;0
32;Female;70,5;1,62;177;122;58;1,24;756;Strength;28,4;1,8;2;26,86;0
53;Male;94,1;1,95;177;138;50;,89;608;HIIT;28,6;3,5;3;24,75;0
30;Female;79,2;1,62;181;166;66;1,26;1046;Cardio;28;2,5;4;30,18;1
49;Male;115,3;1,91;161;125;61;1,38;854;HIIT;29,2;3,2;2;31,61;0
24;Female;62,9;1,79;180;135;59;1,42;958;Cardio;27,3;2,3;4;19,63;1
39;Male;62;1,64;195;127;54;,97;678;Cardio;27,5;3,2;3;23,05;0
19;Female;73,9;1,77;198;137;64;1,28;877;Strength;32,5;2,6;3;23,59;1
59;Male;50,3;1,95;188;167;55;1,07;885;Strength;24,4;3,4;3;13,23;0
23;Male;83,1;1,8;185;162;56;,7;624;Strength;29,3;3,1;3;25,65;0
45;Female;65,1;1,78;180;158;66;1,46;1038;Cardio;31,3;2,3;3;20,55;0
45;Male;46,6;1,79;176;168;55;1,46;1214;Yoga;22,9;2,4;3;14,54;1
37;Male;103,5;1,89;175;168;57;,54;499;Cardio;26,4;3,1;2;28,97;0
28;Female;52;1,61;168;164;70;1,32;1082;Yoga;27,9;2;3;20,06;1
45;Male;113,4;1,71;190;129;63;,83;530;Strength;24;2,3;2;38,78;0
42;Male;62,9;1,98;173;126;61;1,42;886;Yoga;28,5;3,4;4;16,04;1
56;Female;40,4;1,8;196;165;72;1,23;913;Cardio;30;2,1;4;12,47;1
50;Female;67,1;1,75;161;120;59;,67;362;Cardio;31,8;2,7;3;21,91;0
18;Male;70;1,61;173;168;71;1,3;1201;Strength;23,9;2,5;2;27,01;0
44;Female;69,5;1,75;192;155;69;1,02;711;HIIT;27,6;2,1;3;22,69;0
30;Male;107,9;1,66;194;140;64;1,08;832;Cardio;29,5;2,8;3;39,16;1
58;Male;109;1,91;198;156;56;1,49;1151;Yoga;26;2,2;3;29,88;1
20;Male;101;1,91;179;143;58;1,36;1070;Cardio;29,3;2,7;3;27,69;1
25;Female;43,1;1,62;196;161;65;1,04;837;HIIT;33,6;1,8;4;16,42;1
26;Female;54;1,53;175;148;54;1,14;844;Strength;26,9;1,7;3;23,07;0
54;Female;72,3;1,78;163;149;72;1,27;852;Cardio;27,7;1,8;2;22,82;0
50;Male;51,1;1,98;171;126;52;,92;574;Yoga;28;2,4;2;13,03;0
59;Male;89,4;1,72;188;152;67;1,08;813;Yoga;24,5;3,2;3;30,22;0
41;Male;51,5;1,8;166;126;60;1,09;680;Strength;26,7;2,1;4;15,9;1
49;Female;42;1,52;171;130;70;1,1;644;HIIT;28,8;2,2;3;18,18;0
49;Male;79,2;1,72;194;128;69;1,46;925;Yoga;29,9;3,3;3;26,77;0
41;Male;64,8;1,71;164;131;54;1,2;778;Strength;22,5;2,8;3;22,16;1
29;Female;56,2;1,77;191;123;61;,68;418;Yoga;33,4;2,6;3;17,94;0
56;Female;52,9;1,64;169;155;53;1,1;767;Cardio;27,4;2,3;3;19,67;1
19;Female;49;1,69;176;147;64;1,05;772;Yoga;29,2;2,4;3;17,16;0
20;Male;128,2;1,84;164;132;58;,83;603;HIIT;26,2;2,3;3;37,87;0
19;Male;87,8;1,78;195;161;72;1,28;1133;Cardio;23,6;3,3;2;27,71;0
45;Male;51,1;1,87;177;158;57;1,44;1126;Cardio;26,2;3,4;4;14,61;1
54;Male;114,9;1,92;188;135;71;1,2;802;HIIT;20,7;2,6;4;31,17;1
49;Female;62,1;1,66;173;152;73;1,37;937;HIIT;31,3;1,8;3;22,54;1
50;Male;57,1;1,91;184;131;68;1,09;707;Yoga;29,5;2,7;4;15,65;1
18;Male;68,1;1,8;174;153;50;1,1;926;Yoga;25,4;3,3;4;21,02;1
36;Male;69,2;1,65;165;126;65;1,23;852;Strength;27,2;2,7;3;25,42;0
19;Female;65,2;1,52;188;130;71;1,23;800;Cardio;30,6;2,4;3;28,22;0
43;Male;108,6;1,73;174;150;66;1,33;988;Cardio;28,5;2,2;2;36,29;0
49;Female;40;1,65;188;148;74;1,03;686;Yoga;34,3;2,5;3;14,69;1
23;Female;41,9;1,58;163;132;67;,56;370;HIIT;26,8;1,8;3;16,78;0
49;Female;68,3;1,52;177;150;60;1,45;979;Strength;29,4;1,8;4;29,56;1
28;Male;66;1,9;175;158;56;1,18;1025;HIIT;24,1;3;3;18,28;0
34;Male;71,9;1,64;170;134;67;1,26;929;Cardio;21,3;2,1;4;26,73;1
55;Male;75,6;1,71;173;130;57;1,03;663;Strength;28,1;2;4;25,85;1
22;Female;71,6;1,77;197;158;56;1,49;1177;Yoga;30,3;1,8;3;22,85;0
51;Female;57,4;1,77;177;123;72;1,08;598;Yoga;31,6;2,1;4;18,32;1
28;Male;87;1,76;197;121;60;1,2;799;Yoga;28,4;3,5;3;28,09;1
33;Female;65,3;1,71;172;135;74;1,18;796;HIIT;29,7;2,5;4;22,33;1
50;Male;45,4;1,67;163;158;62;1,37;1071;Yoga;24,1;2,8;4;16,28;1
23;Female;78,6;1,73;192;156;56;1,47;1147;HIIT;32,3;1,5;4;26,26;1
33;Female;78;1,71;187;136;58;1,08;734;Cardio;26,3;2,1;3;26,67;0
20;Female;71,3;1,69;167;163;52;1,28;1043;Strength;33,4;2,3;3;24,96;1
37;Male;49,1;1,74;193;138;52;1,11;842;Yoga;22,3;2,6;3;16,22;1
53;Female;78,3;1,65;164;126;50;1,24;703;HIIT;33,7;1,6;3;28,76;0
36;Female;57,3;1,64;164;157;70;1,13;887;Strength;25,3;1,8;4;21,3;1
43;Female;48,4;1,61;190;127;69;1,28;732;Cardio;34,1;2,4;2;18,67;0
20;Male;76,4;1,62;168;132;51;1,35;980;Cardio;21,2;2,6;4;29,11;1
36;Male;110,2;1,77;191;156;74;1,19;1021;HIIT;26,5;3,4;2;35,18;0
37;Female;72,9;1,76;192;121;52;1,21;732;Strength;27,5;1,9;3;23,53;1
24;Female;58,9;1,76;189;130;73;,63;410;HIIT;30,1;1,7;3;19,01;0
50;Male;96,7;1,72;188;125;62;1,46;903;Strength;25,7;2,7;3;32,69;1
56;Male;107,8;1,73;185;126;50;1,09;680;Yoga;26,6;2,8;3;36,02;1
35;Female;65,8;1,62;189;158;69;1;790;Cardio;33,8;1,5;4;25,07;1
57;Female;68,5;1,56;168;138;68;1,45;900;HIIT;29,1;1,6;4;28,15;1
28;Male;76,3;1,62;161;162;70;1,16;1034;Strength;20,1;2,3;3;29,07;1
45;Female;44,5;1,65;162;148;71;1,44;959;Yoga;30,7;1,6;3;16,35;0
42;Female;50,7;1,75;163;162;51;1,29;940;Strength;29;1,9;3;16,56;1
48;Male;73,7;1,61;172;121;63;1,36;815;Cardio;21,8;3,6;4;28,43;1
47;Male;55,6;1,77;198;138;68;1,2;820;Cardio;24,3;2,9;4;17,75;1
59;Male;86,9;1,76;194;123;60;1,13;688;Strength;29,8;3,1;3;28,05;1
24;Female;40,4;1,64;168;168;55;,99;832;HIIT;31;1,9;2;15,02;0
33;Female;78,5;1,66;161;156;69;1,29;1006;HIIT;32,8;1,9;4;28,49;1
43;Male;102,6;1,72;190;147;58;,82;597;Strength;27,5;2;2;34,68;0
19;Male;110,8;1,91;161;149;54;1,31;1074;Strength;23,3;2,9;2;30,37;0
18;Female;60,9;1,79;191;126;69;1,11;699;Cardio;31,1;2,1;2;19,01;0
29;Male;55,7;1,61;177;128;51;1,41;993;Strength;28,7;2,3;3;21,49;0
22;Male;110,5;1,92;172;144;55;1,16;919;HIIT;20,2;3,3;3;29,98;1
54;Male;55,2;1,71;164;152;67;,77;579;Cardio;24,4;2,8;2;18,88;0
49;Male;46,5;1,72;169;120;72;1,4;832;Yoga;22,2;2,6;4;15,72;1
26;Female;70,9;1,66;184;125;68;,81;506;HIIT;28,9;1,7;3;25,73;0
58;Male;74,6;1,75;193;137;58;1,09;739;HIIT;24,2;2,9;2;24,36;0
52;Male;45,1;1,72;196;129;70;,93;594;Cardio;27,5;3,3;2;15,24;0
36;Male;99,9;1,99;189;147;73;1,33;1075;Yoga;20,9;2,5;3;25,23;0
33;Male;117;1,61;166;130;55;1,04;744;HIIT;25,1;2,4;3;45,14;1
20;Female;75,9;1,73;165;152;63;1,39;1056;Strength;30,6;2,1;4;25,36;1
37;Female;71,2;1,64;162;120;73;1,11;666;HIIT;29,9;1,7;3;26,47;1
41;Male;78,8;1,72;172;132;62;1,01;660;Cardio;27,3;3,1;4;26,64;1
50;Male;50,6;1,69;162;156;60;1,31;1012;Cardio;23,8;3;2;17,72;0
28;Male;108,5;1,79;183;120;68;1,33;878;HIIT;24,8;2,1;4;33,86;1
25;Male;49,9;1,98;165;122;68;1,15;772;Yoga;25,7;2,1;3;12,73;1
53;Male;125,1;1,91;171;137;70;,52;353;Strength;28,3;3,1;2;34,29;0
55;Female;79,7;1,66;195;160;68;1,06;763;Cardio;27,8;1,9;2;28,92;0
57;Male;126,8;1,63;161;133;73;,96;632;Yoga;20,8;2,1;2;47,72;0
37;Female;54,6;1,57;170;150;62;1,31;982;Strength;32,1;2,4;3;22,15;0
52;Female;47,8;1,54;198;146;63;1,34;880;Cardio;29,8;1,9;3;20,16;1
42;Male;97,9;1,91;193;136;73;1,01;680;Strength;29;2,8;3;26,84;1
52;Female;63,1;1,54;185;165;67;1,36;1010;Strength;34,8;1,8;3;26,61;1
42;Female;72,4;1,69;177;148;61;1,07;713;Yoga;29;2,3;3;25,35;1
35;Female;50,4;1,6;195;156;59;1,03;803;Cardio;29,1;1,9;4;19,69;1
19;Female;58,8;1,77;181;136;53;1,4;952;HIIT;32,8;2,7;2;18,77;0
52;Male;105,2;1,62;189;141;61;1,36;949;HIIT;27,6;3,2;3;40,09;0
33;Female;45,9;1,5;189;144;62;,92;662;Yoga;29,8;1,7;3;20,4;0
58;Female;65,2;1,63;167;121;53;1,12;610;HIIT;25,4;2;3;24,54;1
50;Male;90;1,7;168;124;74;,81;497;Cardio;22,9;2,7;2;31,14;0
50;Male;51,5;1,71;199;155;64;1,48;1136;Yoga;20,9;2,9;2;17,61;0
38;Male;91,5;1,77;178;140;74;,8;616;Yoga;26,7;3,4;2;29,21;0
37;Male;48,7;1,67;164;132;74;1,39;1009;Yoga;27,3;3;2;17,46;0
25;Female;57,8;1,56;170;156;66;1,35;1053;Yoga;29,3;1,6;3;23,75;1
24;Female;42;1,75;174;144;55;,83;598;Strength;31,8;2,3;3;13,71;0
20;Male;128,4;1,92;167;145;57;,63;502;Cardio;26,1;2;2;34,83;0
34;Female;74,2;1,57;178;158;52;1,47;1161;Cardio;32,7;2,4;3;30,1;0
29;Male;125,9;2;186;152;67;1,36;1137;Strength;24,7;3,1;4;31,48;1
39;Male;105,5;1,99;199;133;71;,81;593;HIIT;26,4;2,5;2;26,64;0
39;Male;93,4;1,7;191;155;50;1,1;938;Strength;21,1;2,5;4;32,32;1
47;Male;82,1;1,84;185;136;65;1,37;922;Strength;24,4;3,4;4;24,25;1
55;Female;42,9;1,69;186;140;56;,9;567;Yoga;34,7;2,4;2;15,02;0
55;Male;128,4;1,68;178;165;52;1,13;923;Cardio;20,4;2,6;4;45,49;1
25;Male;112,4;1,96;188;135;72;1,42;1054;Cardio;23,2;2,5;2;29,26;0
44;Female;77,7;1,79;198;165;53;1,41;1047;HIIT;28,1;2,2;3;24,25;0
44;Male;89,3;1,99;192;135;58;1,4;936;HIIT;26,3;2;4;22,55;1
51;Female;70,3;1,55;178;139;54;1,4;876;Yoga;26,1;1,6;3;29,26;0
38;Female;59,1;1,72;196;148;68;1,07;792;Cardio;31,3;1,7;3;19,98;1
47;Female;49,9;1,69;178;147;64;1,48;979;HIIT;26;1,7;3;17,47;1
50;Male;101,7;1,67;192;127;57;,53;333;HIIT;20,9;2,9;2;36,47;0
45;Male;93;1,91;175;143;55;1,03;729;Cardio;27,3;3,7;3;25,49;1
50;Male;87,4;1,6;182;122;67;,77;465;Strength;23,2;3,1;2;34,14;0
36;Male;123,7;1,69;185;138;73;1,3;987;Cardio;20,4;2,1;4;43,31;1
52;Male;72,3;1,94;171;121;56;1,46;874;Yoga;21,1;2,9;3;19,21;1
34;Female;69,2;1,53;167;134;59;1,36;911;HIIT;28,5;2,1;2;29,56;0
45;Male;81,4;1,61;164;141;55;1,14;796;Cardio;30;2,2;4;31,4;1
46;Male;55,1;1,72;164;137;66;1,43;970;Yoga;20,5;3,6;3;18,62;1
58;Male;109,7;1,75;181;168;54;1,01;840;HIIT;22,1;2,7;2;35,82;0
54;Male;78,4;1,9;174;146;72;,81;585;Yoga;21,5;3,7;2;21,72;0
41;Female;76,7;1,79;172;132;56;1,4;832;Yoga;34;2;4;23,94;1
46;Female;63,1;1,61;187;152;68;1;684;Strength;34,7;2,2;4;24,34;1
50;Female;66,3;1,57;192;132;73;1,25;742;HIIT;31,6;1,6;2;26,9;0
38;Male;61,3;1,97;177;146;51;1,37;1100;Cardio;23,5;2,8;3;15,8;0
49;Female;44,1;1,65;189;133;74;1,16;694;HIIT;26,7;1,8;4;16,2;1
40;Male;63,8;1,62;185;143;72;1,3;1022;HIIT;20,8;3,4;2;24,31;0
20;Female;74,7;1,58;172;166;62;1,04;863;Strength;32,8;2,4;3;29,92;1
35;Female;78;1,67;198;168;57;1,13;949;Strength;33,3;2,5;4;27,97;1
42;Female;57,5;1,67;192;149;55;1,14;764;Yoga;34,1;2,4;2;20,62;0
59;Female;60,7;1,73;185;154;55;1,03;714;Yoga;33,8;2,5;3;20,28;1
48;Male;69;1,74;160;167;58;1,48;1223;HIIT;30;2,3;3;22,79;1
20;Female;75,8;1,78;197;133;53;1,42;944;HIIT;27,4;2;4;23,92;1
57;Female;75,7;1,63;161;131;60;,69;407;Cardio;32,6;2,3;3;28,49;0
41;Female;71,2;1,64;165;147;54;1,42;939;HIIT;30,9;2,3;3;26,47;1
39;Female;63,6;1,56;183;148;66;1,22;903;Strength;34,8;2,4;2;26,13;0
40;Male;73,2;1,94;177;162;69;,81;722;Strength;29;2,4;2;19,45;0
19;Female;48,3;1,52;186;136;56;,96;653;Strength;26,3;1,6;2;20,91;0
44;Female;42,8;1,78;167;159;64;1,49;1066;Strength;25,3;2,6;3;13,51;1
59;Male;88,1;1,76;187;168;74;1,35;1123;Strength;26,9;3;3;28,44;1
19;Female;72,4;1,75;169;140;64;1,2;840;Cardio;31;1,7;4;23,64;1
43;Male;73,2;1,88;176;142;63;1,17;822;Cardio;29,4;3,3;3;20,71;0
34;Male;110,5;1,86;188;139;62;1,42;1086;Cardio;22,3;3,6;2;31,94;0
57;Female;46,1;1,76;165;130;60;1,44;842;Strength;25,8;1,7;3;14,88;1
50;Male;90,8;1,71;173;153;62;1,07;810;Yoga;22,6;3,4;4;31,05;1
56;Female;45,1;1,73;165;129;73;,83;482;Strength;25,4;2,6;3;15,07;0
46;Male;45;1,77;185;162;58;1,48;1187;Cardio;29,1;3,6;3;14,36;1
59;Male;89,4;1,62;198;125;59;1,43;885;Strength;23,5;3,6;3;34,06;1
43;Male;127,7;1,69;171;155;53;1,14;875;Cardio;24,1;2,9;3;44,71;1
52;Male;70,9;1,72;194;143;66;1,31;927;Strength;20,2;2,6;3;23,97;1
42;Female;49,2;1,5;173;131;63;1,15;678;HIIT;27,7;1,5;3;21,87;1
30;Male;64,1;1,87;182;142;67;,64;500;Yoga;26,2;2,1;2;18,33;0
24;Female;69,7;1,75;166;146;60;1,41;1029;Cardio;32,5;2;3;22,76;0
53;Female;56,9;1,59;199;164;65;1,49;1100;HIIT;29,5;2;3;22,51;1
37;Female;53;1,71;184;156;50;1,13;881;Yoga;28,1;1,7;4;18,13;1
18;Female;72,7;1,55;172;125;56;,84;525;Cardio;29,8;2;3;30,26;0
25;Male;76,5;1,96;180;120;59;,67;442;Strength;23,2;2,3;3;19,91;0
33;Male;113,6;1,99;169;125;58;1,38;949;Strength;28,4;3,4;2;28,69;0
29;Male;95,2;1,86;174;141;52;,64;496;Yoga;26,6;2,5;2;27,52;0
40;Male;51,7;1,82;161;160;71;,9;792;Strength;21,4;3;3;15,61;0
32;Male;105,3;1,67;184;143;72;,57;448;Cardio;26,9;2,9;3;37,76;0
45;Female;71,2;1,68;172;144;63;1,37;888;Strength;34,1;1,6;3;25,23;0
51;Female;78,1;1,51;193;134;74;,92;555;Strength;31,1;2,6;3;34,25;0
19;Female;50,6;1,68;193;145;64;1,21;877;Yoga;30,6;2,1;3;17,93;1
49;Male;70,2;1,89;194;127;51;,7;440;Yoga;29,6;2,6;3;19,65;0
39;Female;60,6;1,65;162;167;63;,92;768;HIIT;27,6;1,7;3;22,26;0
42;Male;76,4;1,97;165;157;65;1,14;886;HIIT;22,9;2,6;3;19,69;1
39;Female;68,6;1,64;162;154;53;1,33;1024;Cardio;32,4;1,5;3;25,51;1
59;Male;123,3;1,88;177;161;67;1,3;1036;HIIT;23;2,6;4;34,89;1
23;Male;107;1,94;198;120;73;1,35;891;HIIT;23,5;2,9;2;28,43;0
32;Male;68,3;1,92;168;165;54;1,42;1289;Strength;29,9;3,5;2;18,53;0
54;Female;47,8;1,6;171;155;55;1,19;830;Cardio;26;2,3;4;18,67;1
25;Female;74,3;1,71;162;157;64;1,43;1123;Yoga;25,6;1,6;3;25,41;1
22;Male;106,8;1,82;170;130;50;1;715;Yoga;28,2;2,3;4;32,24;1
56;Male;125,5;1,8;189;131;73;1,26;817;Strength;20,9;2,7;4;38,73;1
21;Female;55,2;1,55;163;161;53;1,37;1103;Strength;31,7;1,7;4;22,98;1
23;Female;71,4;1,72;164;169;74;1,25;1056;Strength;25,6;1,5;2;24,13;0
49;Male;77,7;1,61;160;158;50;1,03;806;Strength;26,7;3,4;3;29,98;1
52;Male;104,8;1,99;187;130;67;,93;598;Cardio;24;2;2;26,46;0
57;Male;82,2;1,69;188;155;63;1,15;882;Strength;25,2;3,4;4;28,78;1
33;Female;68,2;1,75;177;150;71;,85;638;Strength;29;1,7;2;22,27;0
30;Male;91,4;1,99;171;152;60;1,37;1145;HIIT;23;3,7;3;23,08;1
59;Female;42,1;1,65;172;132;59;1,22;725;Strength;33;2,2;2;15,46;0
47;Female;68,7;1,76;161;137;66;1,37;845;Strength;27,7;2,4;3;22,18;1
36;Female;47,2;1,74;196;160;53;1,5;1200;Cardio;32,2;1,6;4;15,59;1
34;Male;92;1,76;175;143;73;,73;574;Yoga;22,1;3,5;3;29,7;0
36;Male;56,2;1,95;183;128;64;1,09;767;Strength;22,5;3,4;4;14,78;1
45;Male;58,4;1,72;194;150;65;1,31;973;HIIT;23,4;3,1;4;19,74;1
54;Female;66,9;1,74;195;129;62;1,24;720;HIIT;29,5;2,1;2;22,1;0
43;Male;66,3;1,85;170;121;58;1,18;707;Cardio;27,5;3,2;2;19,37;0
40;Male;93,6;1,93;188;157;60;1,38;1192;Cardio;22,1;2;3;25,13;0
18;Female;62;1,59;190;162;50;1,23;996;Strength;33,2;2,2;4;24,52;1
51;Female;64,9;1,6;169;125;55;1,49;838;Yoga;31,1;2,5;4;25,35;1
49;Female;69,3;1,62;191;122;62;1,14;626;HIIT;28,8;1,9;4;26,41;1
42;Female;42,7;1,74;161;130;71;1,04;608;Strength;32,9;1,6;3;14,1;0
57;Female;51,4;1,63;183;134;73;1,2;724;Yoga;33,7;2;4;19,35;1
18;Female;67,4;1,6;182;164;71;,6;492;Strength;33,5;2,4;3;26,33;0
56;Male;125,3;1,86;197;129;64;1;639;Yoga;22,7;2,2;3;36,22;1
22;Male;102,1;1,85;190;157;67;1,48;1278;Cardio;28,1;2,4;4;29,83;1
39;Male;61,9;1,77;199;166;69;1,32;1205;Strength;25,3;2,3;3;19,76;0
46;Male;108,8;1,64;185;169;63;1,4;1171;Strength;20,5;3,4;3;40,45;0
20;Female;51,1;1,58;188;169;64;,5;422;Yoga;29,6;1,6;2;20,47;0
29;Male;81,7;1,99;162;126;54;1,45;1005;Strength;29,4;3,2;2;20,63;0
43;Female;42,7;1,66;173;134;53;,73;440;Yoga;33,9;1,9;2;15,5;0
54;Male;54,6;1,76;160;137;56;1,28;868;Cardio;27,4;3,3;4;17,63;1
39;Male;107,7;1,88;162;160;59;,72;634;Strength;28,1;3,6;2;30,47;0
46;Female;56,9;1,6;185;143;65;,88;566;Cardio;27,7;1,6;3;22,23;0
31;Male;78,8;1,71;177;121;59;1,49;992;HIIT;24,7;2,5;4;26,95;1
45;Female;48,2;1,64;168;159;67;1,25;894;Strength;32,1;2,5;4;17,92;1
22;Female;50,7;1,59;197;139;66;1,27;883;Strength;29,4;1,8;3;20,05;1
22;Male;96,3;1,63;180;162;62;1,35;1203;Cardio;27,1;2,4;4;36,25;1
43;Male;95,9;1,85;186;157;64;1,28;995;Yoga;27,7;3,4;2;28,02;0
38;Female;40,6;1,79;195;161;55;,62;499;Cardio;26,8;2,7;2;12,67;0
53;Male;105,1;1,84;176;130;62;,69;444;Cardio;23,3;2,9;3;31,04;0
40;Male;58,2;1,98;198;138;74;1,43;1085;Cardio;24;2,5;3;14,85;1
27;Female;69,5;1,76;171;121;66;,94;569;Strength;34,4;2;3;22,44;0
22;Male;62,2;1,84;161;140;65;,51;393;Strength;21,5;2,3;3;18,37;0
53;Female;68;1,7;181;139;57;1,06;663;HIIT;25,1;2,4;4;23,53;1
51;Female;56,3;1,5;182;142;66;1,43;914;Cardio;27,4;2,4;3;25,02;0
48;Male;94,5;1,7;189;140;64;1,01;700;Cardio;28,2;3,5;3;32,7;1
27;Female;58;1,79;164;143;73;1,39;994;Cardio;27,1;1,5;2;18,1;0
49;Male;61;1,87;180;131;61;1,14;739;Strength;21,3;3;4;17,44;1
22;Male;45,7;1,77;164;139;73;1,04;795;HIIT;20,7;2,4;3;14,59;0
41;Male;67;1,77;161;149;50;1,22;900;HIIT;25,6;2,6;3;21,39;1
33;Male;106,5;1,6;183;152;74;1,4;1170;Strength;27,3;3,3;4;41,6;1
19;Male;95,1;1,85;190;143;50;1,21;952;Yoga;25,3;2,3;4;27,79;1
45;Female;65,5;1,57;192;133;59;,66;395;Cardio;34,3;2,3;2;26,57;0
49;Male;105,7;1,64;198;155;59;1,2;921;Cardio;29,5;3,1;3;39,3;1
44;Female;48;1,76;189;124;52;,88;491;Yoga;28,6;2,6;2;15,5;0
37;Female;69,5;1,5;196;130;66;,69;448;Cardio;32,8;2,4;2;30,89;0
41;Male;66,1;1,69;187;143;68;,77;545;Yoga;27,4;3,4;2;23,14;0
29;Male;68;1,7;190;150;60;,76;627;HIIT;28,9;2,9;2;23,53;0
52;Male;50,3;1,78;170;132;67;,85;555;HIIT;24,5;2,3;2;15,88;0
50;Female;69,3;1,68;182;135;51;1,2;729;HIIT;30,3;2;2;24,55;0
54;Male;125,9;1,94;199;132;73;1,35;882;Strength;28,5;2,9;3;33,45;1
20;Male;124,3;1,82;194;145;63;1,25;997;Cardio;22,4;3,2;3;37,53;1
18;Male;62;1,85;161;121;53;,88;586;Strength;23,7;3;3;18,12;0
50;Female;69,7;1,72;198;135;66;1,24;753;Strength;27,3;2;4;23,56;1
57;Female;60,9;1,52;196;157;66;1,31;926;Strength;30,6;1,8;3;26,36;1
27;Male;76,5;1,97;180;165;61;1,13;1025;Strength;21,3;2,3;2;19,71;0
46;Male;94,7;1,82;164;120;69;1,47;873;Cardio;23,2;3,2;3;28,59;1
30;Male;67,9;1,75;180;168;67;1,25;1155;Yoga;29,1;3,1;2;22,17;0
29;Male;121,1;1,87;188;130;52;1,31;937;HIIT;24,1;3,2;4;34,63;1
48;Female;71,5;1,64;179;154;60;1,46;1012;Yoga;32,5;1,9;4;26,58;1
19;Male;98,6;1,7;197;162;74;,83;740;Cardio;21,1;2,4;2;34,12;0
52;Female;68,2;1,63;179;148;67;1,17;779;Strength;27,5;2,4;3;25,67;0
40;Female;57,7;1,69;184;156;53;1,18;920;HIIT;33,1;2,4;4;20,2;1
34;Male;124,6;1,63;161;136;66;1,41;1055;HIIT;27,6;2,8;3;46,9;1
43;Female;73;1,59;191;158;67;1,31;931;Yoga;28,9;2,2;3;28,88;0
46;Female;52;1,65;165;147;63;,7;463;Cardio;34,1;1,9;2;19,1;0
43;Female;42,2;1,65;162;148;59;1,33;886;Cardio;34,6;2,3;3;15,5;1
43;Male;110;1,76;160;122;50;1,09;658;Yoga;22;3,4;3;35,51;0
51;Female;66,2;1,58;164;129;65;,86;499;HIIT;31,3;2,3;3;26,52;0
58;Male;58,6;1,66;172;161;60;1,21;964;HIIT;26,8;2,9;2;21,27;0
24;Male;51;1,67;178;133;72;,97;710;Strength;21,3;2,8;3;18,29;0
21;Male;101,5;1,95;171;131;69;,97;699;Yoga;27,9;3,1;3;26,69;0
28;Male;114,2;1,87;184;166;55;1,05;959;Strength;20,2;3,2;3;32,66;1
46;Male;54,4;1,72;194;161;73;,91;725;Cardio;24,8;2,9;2;18,39;0
53;Female;52,4;1,57;171;149;71;1,34;898;HIIT;28,3;2,2;3;21,26;1
53;Male;115,4;1,92;193;161;50;1,36;1084;Yoga;28,3;2,2;4;31,3;1
27;Male;71,2;1,97;181;151;73;,74;615;HIIT;25,9;3,6;3;18,35;0
54;Female;78,1;1,6;198;145;73;1,1;718;Yoga;32,9;2,4;4;30,51;1
26;Female;54,2;1,65;172;120;58;1,07;642;Cardio;34,9;1,9;4;19,91;1
41;Female;77,6;1,76;162;161;71;1,27;920;Strength;31,8;2,2;4;25,05;1
52;Female;44,1;1,62;179;121;61;1,41;768;HIIT;34,8;1,6;3;16,8;0
53;Female;47,8;1,76;164;149;74;1,06;711;HIIT;28,4;1,5;4;15,43;1
35;Male;102,5;1,94;183;158;64;,84;730;Cardio;21,1;2,4;2;27,23;0
56;Male;118;1,9;199;126;68;,66;412;HIIT;22,6;3,2;2;32,69;0
49;Male;82,3;1,84;192;146;71;1,29;932;Strength;28,4;3,4;4;24,31;1
40;Male;60,2;1,88;183;141;61;1,22;946;Cardio;25,2;3;3;17,03;1
49;Female;49,2;1,54;179;153;63;1,28;881;HIIT;30,7;2,1;3;20,75;1
54;Female;46,6;1,5;175;165;58;1,38;1025;Strength;30,6;2;2;20,71;0
29;Female;68,7;1,72;171;168;62;1,08;907;Cardio;29,8;1,7;4;23,22;1
30;Female;60,6;1,55;172;120;52;1,3;780;Strength;32,9;1,6;3;25,22;1
40;Male;52,1;1,61;198;128;70;,87;612;HIIT;21,3;3,3;2;20,1;0
42;Female;46,6;1,77;184;139;63;,61;382;Yoga;28,1;2,6;2;14,87;0
52;Male;65,5;1,74;191;138;70;1,48;1011;Strength;26,2;2,8;4;21,63;1
58;Female;44,2;1,57;183;155;59;1,08;753;HIIT;31,9;2,3;3;17,93;0
47;Male;89,1;1,84;168;159;65;1,44;1133;Yoga;24;3,6;3;26,32;1
34;Male;65,9;1,62;199;164;56;,81;731;Yoga;28,8;2,2;2;25,11;0
37;Female;55,6;1,57;182;123;53;,97;597;Cardio;29,2;2,4;2;22,56;0
42;Male;63,7;1,98;172;128;69;1,37;868;Yoga;24;3;2;16,25;0
53;Female;68,1;1,55;164;131;65;1,41;831;HIIT;26,1;2,2;4;28,35;1
29;Female;60;1,62;181;161;69;,85;684;Strength;28,1;1,9;2;22,86;0
58;Female;74,8;1,69;175;162;53;1,28;933;Strength;32,8;2,3;4;26,19;1
36;Male;90,3;1,65;169;158;71;1,38;1199;Cardio;23,7;3,4;4;33,17;1
26;Male;73,7;1,66;177;125;72;,93;639;Yoga;26,7;2,2;2;26,75;0
24;Female;67,7;1,56;177;138;66;1,42;980;HIIT;27;2,1;3;27,82;1
45;Male;78,3;1,96;166;167;62;1,29;1066;Cardio;29;2,2;3;20,38;0
31;Female;48,2;1,65;163;166;60;1,1;913;Cardio;26,1;2,5;2;17,7;0
48;Female;56,8;1,51;185;126;52;1,37;777;HIIT;32,1;2,1;4;24,91;1
36;Male;112,4;1,63;164;135;58;1,02;757;Cardio;25;3,4;4;42,3;1
33;Female;59;1,67;175;124;55;,9;558;Cardio;33,7;1,9;3;21,16;0
22;Male;98,4;1,88;194;135;71;,52;386;Cardio;21,3;2,2;2;27,84;0
52;Male;66,5;1,6;185;120;70;1,34;796;HIIT;26,8;2,1;4;25,98;1
29;Male;106,5;1,81;177;156;60;1,29;1107;Cardio;25,7;2,5;4;32,51;1
53;Female;53,3;1,74;173;156;54;1,37;962;Strength;32,2;1,8;3;17,6;1
40;Female;58,1;1,56;174;136;63;,61;415;Yoga;34,4;2,2;2;23,87;0
33;Female;74,2;1,76;192;145;66;1,15;834;Strength;25,9;1,5;4;23,95;1
56;Male;84,6;1,63;184;141;52;1,01;705;HIIT;20,2;2,9;4;31,84;1
59;Male;78;1,92;180;127;53;,72;453;Cardio;28,1;2,7;3;21,16;0
31;Female;42,7;1,76;182;121;65;1,46;883;Strength;34,9;2,2;3;13,78;0
22;Female;78,7;1,52;173;166;74;1,45;1204;Strength;31,5;2,3;3;34,06;1
52;Female;65,9;1,52;188;139;53;1,27;794;Cardio;27;2,3;4;28,52;1
40;Male;76,9;1,92;179;137;68;1,13;851;Yoga;22,4;3,7;4;20,86;1
28;Female;62,4;1,6;178;129;62;1,1;710;Strength;34,1;1,7;3;24,37;1
35;Male;63,7;1,74;198;143;71;1,03;810;HIIT;29,8;2,7;4;21,04;1
29;Female;54,9;1,52;172;123;72;1,48;910;Strength;27;2;3;23,76;0
26;Male;76,4;1,79;177;156;73;1,17;1004;Strength;21,3;2,7;3;23,84;1
27;Male;106,4;1,86;182;123;50;1,34;907;Cardio;20,6;3,1;2;30,76;0
34;Female;68,4;1,5;192;132;61;1,37;904;Cardio;33,7;2,1;4;30,4;1
55;Male;63,5;1,86;198;144;53;1,36;969;Strength;22,9;2,9;4;18,35;1
24;Female;59,4;1,5;199;132;60;1,25;825;Yoga;25;2;3;26,4;1
30;Male;113,4;1,91;177;137;54;1,27;957;HIIT;22,2;3,7;3;31,08;0
57;Female;61,9;1,52;168;143;51;,92;592;HIIT;28,4;2,6;3;26,79;0
59;Female;70,7;1,68;192;121;66;1,17;637;Cardio;34,9;1,9;3;25,05;1
26;Male;111,5;1,9;191;167;57;1,02;937;Yoga;25,2;2,2;2;30,89;0
44;Female;72,1;1,66;176;152;55;1,4;958;Strength;27;2,5;2;26,16;0
19;Male;56,9;1,87;178;138;70;,61;463;Cardio;23,3;3,7;3;16,27;0
46;Male;59,4;1,68;165;147;62;1,16;844;Strength;20,2;2,5;4;21,05;1
54;Female;75,6;1,72;194;154;60;,97;672;Cardio;26,4;1,9;3;25,55;0
55;Female;76,3;1,73;196;158;65;1,08;768;Yoga;32;2,6;3;25,49;0
36;Male;95,8;1,86;193;129;65;1,37;972;HIIT;21,2;3,2;3;27,69;0
25;Male;120,6;1,83;179;120;51;1,04;686;Cardio;22,3;2,5;3;36,01;1
18;Female;65,3;1,55;184;161;59;1,42;1143;Yoga;28,5;2,2;3;27,18;1
39;Male;85,3;1,89;163;140;61;,77;593;Strength;27,6;3,6;2;23,88;0
34;Male;68;1,68;169;128;57;,67;472;Cardio;25,8;3,4;2;24,09;0
24;Female;52,6;1,57;169;166;60;1,29;1071;HIIT;31,9;2,4;2;21,34;0
42;Male;63,3;1,77;183;134;59;1,32;876;HIIT;25,7;3,3;3;20,2;1
21;Female;76,3;1,65;180;154;62;1,14;878;Strength;31,8;1,7;3;28,03;1
53;Male;61;1,63;170;124;74;,54;331;Cardio;20;3,4;3;22,96;0
23;Female;67,8;1,61;186;160;66;1,34;1072;HIIT;34,3;1,8;2;26,16;0
48;Male;114,9;1,86;175;141;56;1,36;949;Cardio;21,1;3,6;3;33,21;0
56;Female;67,7;1,58;189;142;52;1,45;927;Strength;32,7;1,9;2;27,12;0
44;Male;124,8;1,85;175;126;69;1,35;842;Strength;24,4;3,5;4;36,46;1
27;Female;53;1,58;166;142;62;1,26;895;Cardio;34,5;1,8;4;21,23;1
43;Male;61,2;1,88;175;163;68;1,03;831;Yoga;24,7;2,9;3;17,32;0
36;Female;48,7;1,68;194;144;56;1,23;886;Yoga;33,7;1,6;3;17,25;0
56;Female;50,6;1,7;175;146;58;1,29;848;Strength;33,1;2,3;2;17,51;0
20;Female;72,6;1,73;199;160;68;1,27;1016;HIIT;34,8;2,5;3;24,26;1
30;Female;70,4;1,56;171;125;62;1,03;644;Yoga;34,3;2,4;4;28,93;1
45;Male;52,5;1,88;194;153;71;1,08;818;Strength;29;2,9;4;14,85;1
37;Male;76,3;1,77;180;128;57;1,36;957;HIIT;27,3;2,1;4;24,35;1
45;Female;41,2;1,58;195;168;71;1,47;1111;HIIT;28,7;2,6;2;16,5;0
58;Female;49,7;1,67;191;125;72;1,38;776;Strength;31,9;2,3;4;17,82;1
56;Male;48,3;1,87;165;156;51;,68;525;HIIT;29,8;3,3;3;13,81;0
20;Male;120,5;1,73;186;153;67;1,01;850;Cardio;29,3;3,4;3;40,26;1
30;Male;121,6;2;179;160;60;1,24;1091;Cardio;28;3,3;4;30,4;1
45;Female;73;1,75;184;148;50;1,14;759;Yoga;26,6;2;4;23,84;1
50;Female;42,7;1,53;168;155;65;1,41;983;Strength;28,4;2,4;4;18,24;1
55;Male;129,9;1,73;187;155;60;,69;529;Yoga;21,7;3,1;3;43,4;0
23;Male;108,6;1,92;197;134;50;,89;656;Yoga;25,8;3,5;2;29,46;0
38;Female;49,7;1,51;179;145;65;1,25;906;HIIT;32,6;2,5;3;21,8;0
33;Female;56,4;1,54;165;155;63;1,06;822;Strength;29,2;1,5;3;23,78;0
38;Male;46,9;1,74;198;167;64;1,03;946;Strength;20;2,6;4;15,49;1
28;Female;71,3;1,67;192;140;63;1,46;1022;Strength;28,1;1,5;4;25,57;1
54;Male;71,6;1,86;160;147;70;1,14;830;Yoga;25,3;2,2;3;20,7;1
52;Female;70,6;1,69;165;135;65;1,36;826;HIIT;26,1;2,2;3;24,72;0
36;Male;109,8;1,62;193;141;68;,84;651;HIIT;24,4;3,5;3;41,84;0
37;Female;73,5;1,69;174;131;66;,54;354;Cardio;27,5;1,6;2;25,73;0
58;Female;74,6;1,68;173;159;60;1,03;737;Yoga;26;2;4;26,43;1
31;Female;63,2;1,8;166;157;66;,59;463;Cardio;25,5;2,6;2;19,51;0
33;Female;53,7;1,66;191;129;72;1,25;806;HIIT;29,5;2,5;3;19,49;0
40;Male;63;2;176;161;71;1,42;1257;Strength;26,8;2,9;4;15,75;1
28;Male;128,4;1,86;173;158;71;1,06;921;Strength;23,6;3,3;4;37,11;1
27;Female;63,7;1,52;195;120;60;1,19;714;Strength;25,4;2,1;4;27,57;1
49;Male;83,7;1,87;183;158;53;1,29;1009;HIIT;23,9;2,3;4;23,94;1
33;Male;102,6;1,75;186;140;53;1,4;1078;HIIT;27,9;2,2;3;33,5;1
25;Female;77,7;1,55;184;120;52;,55;330;Yoga;33;1,7;2;32,34;0
55;Male;87,5;1,88;191;134;73;1,19;789;Yoga;27,2;2,6;4;24,76;1
45;Female;65,4;1,68;196;129;66;,76;441;HIIT;35;2,6;3;23,17;0
25;Female;47,2;1,71;185;142;56;,89;632;Cardio;26;2,5;2;16,14;0
45;Female;58,2;1,7;168;160;53;,95;684;Yoga;26,8;2;3;20,14;0
53;Female;73,5;1,55;194;153;72;1,17;806;HIIT;26,3;2,1;4;30,59;1
25;Female;64,4;1,71;179;167;61;1,12;935;HIIT;27,1;1,8;3;22,02;0
45;Female;73,5;1,74;181;152;50;1,18;807;Cardio;30;2,3;4;24,28;1
54;Male;86,5;1,76;189;158;68;1,48;1158;Yoga;29;3,4;3;27,92;1
58;Female;46,1;1,67;187;129;70;1,28;743;Yoga;25,3;1,8;4;16,53;1
53;Male;68,5;1,97;194;139;69;1,3;894;HIIT;23,2;2,1;3;17,65;1
44;Male;94,6;1,84;170;120;67;1,26;748;HIIT;26;3,1;4;27,94;1
34;Female;54,2;1,52;190;132;60;1,13;746;Cardio;31;2,2;3;23,46;0
26;Male;47,7;1,77;198;120;69;1,15;759;Strength;24,8;2,7;3;15,23;1
50;Male;52,2;1,84;195;124;52;1,38;847;Strength;28,2;3,1;4;15,42;1
30;Male;101;1,68;182;134;61;1,46;1076;Strength;28,2;2,9;4;35,79;1
45;Male;118,4;1,95;178;168;59;1,06;881;Yoga;24,9;2,4;3;31,14;1
46;Female;47,9;1,72;171;147;57;1,41;933;Cardio;26,3;2;3;16,19;0
30;Female;51,5;1,74;174;150;64;1,08;810;Strength;33,9;2;3;17,01;1
52;Female;79,9;1,51;190;142;54;,75;479;Strength;31,5;2,6;3;35,04;0
23;Male;121,3;1,85;196;167;53;,72;661;Yoga;21,6;3,6;2;35,44;0
35;Female;78,9;1,64;196;164;70;1,28;1050;Cardio;25,3;2,6;4;29,34;1
42;Male;73,5;1,63;188;136;68;,52;350;Strength;26,1;3,2;3;27,66;0
19;Male;127,9;1,93;185;168;70;1,27;1173;Strength;21,8;3;4;34,34;1
47;Female;43,4;1,62;179;132;64;,51;303;Cardio;25,3;2,3;3;16,54;0
22;Female;42,8;1,56;174;133;66;1,47;978;Strength;32,2;2,6;3;17,59;1
50;Male;64,5;1,79;163;130;61;1,17;753;Yoga;28,1;2,4;4;20,13;1
18;Female;50,7;1,53;181;147;52;1,29;948;Yoga;33;2,1;3;21,66;1
35;Male;59,2;1,66;197;161;59;1,3;1151;Strength;21,3;3,2;3;21,48;0
49;Female;78,9;1,73;182;151;64;1,38;938;Cardio;34;2,3;2;26,36;0
28;Female;78,7;1,63;185;154;59;1,1;847;Strength;31,7;1,8;3;29,62;1
38;Male;68,7;1,92;170;150;73;1,31;1081;Cardio;29;3;4;18,64;1
43;Female;53,1;1,59;187;136;72;,82;502;Strength;29,5;2,5;2;21;0
42;Male;64,8;1,65;161;166;67;1,1;904;Cardio;24,4;2,8;3;23,8;1
39;Female;50,3;1,61;167;128;50;1,17;749;HIIT;32,8;2,5;2;19,41;0
44;Male;102,3;1,63;188;129;52;1,34;856;Yoga;20,9;2,6;4;38,5;1
30;Male;62,9;1,92;170;127;70;1,13;789;HIIT;25,2;3,6;2;17,06;0
51;Female;74,6;1,55;177;132;50;,71;422;Cardio;33,3;2,1;2;31,05;0
58;Male;52;1,79;173;169;52;1,12;937;HIIT;29,6;3;3;16,23;0
52;Female;52,1;1,67;169;124;52;1,5;837;Yoga;32;1,5;2;18,68;0
18;Female;72,2;1,54;194;125;54;,97;606;Strength;27,1;1,7;2;30,44;0
45;Female;50,9;1,65;170;136;50;1,45;887;Strength;30,1;2,3;2;18,7;0
34;Male;52;1,78;171;130;53;1,38;987;Strength;22,4;2,7;4;16,41;1
22;Male;71;1,93;162;139;53;1,42;1086;Yoga;21,2;2,9;4;19,06;1
22;Female;58,3;1,72;173;128;63;1;640;Yoga;32,6;1,6;3;19,71;1
55;Female;63;1,7;187;121;67;1,32;719;Strength;34,9;2,5;3;21,8;0
20;Male;111;1,94;170;156;50;1,02;875;Cardio;27,6;3,3;4;29,49;1
40;Female;52,6;1,66;198;120;71;1,27;762;Strength;32,9;1,7;3;19,09;1
54;Male;116,4;2;184;123;65;1,13;688;Yoga;26,2;3,1;3;29,1;0
54;Female;75,6;1,61;180;155;52;1,41;983;Yoga;34,9;2,5;4;29,17;1
27;Male;61,6;1,8;169;144;72;1,48;1172;Yoga;26,4;3,1;2;19,01;0
27;Male;108;1,8;174;122;70;1,38;926;Cardio;28,6;2,5;4;33,33;1
36;Female;59,3;1,75;178;128;58;,99;634;Strength;34,5;2,3;3;19,36;0
34;Male;75,7;1,94;181;141;72;1,18;915;Strength;29,3;2,4;4;20,11;1
38;Female;56,3;1,6;180;142;53;1,21;859;Yoga;28,8;1,9;4;21,99;1
31;Female;58,2;1,73;191;131;70;1,17;766;Yoga;25,8;1,8;3;19,45;1
26;Male;55,7;1,68;182;129;54;1,13;802;Yoga;21,7;2,9;3;19,73;0
18;Male;125,9;1,67;172;153;60;1,46;1229;Yoga;20,6;2,2;3;45,14;1
30;Female;62,7;1,67;164;162;70;1,02;826;HIIT;26,1;2,6;4;22,48;1
21;Male;86,6;1,86;163;129;58;1,37;972;HIIT;21,8;2,6;3;25,03;1
18;Male;64,5;1,82;187;149;52;1,2;983;HIIT;23,4;2,4;3;19,47;1
57;Male;76,6;1,86;173;141;55;1,14;796;Yoga;25,4;2,8;4;22,14;1
51;Male;60,7;1,71;168;169;60;1,14;954;Strength;22,1;2,5;2;20,76;0
48;Female;73;1,59;196;149;64;1,19;798;Strength;32;2,1;3;28,88;1
25;Male;123,8;1,99;180;121;72;1,13;752;HIIT;25,6;2,6;3;31,26;0
56;Male;93,6;1,66;177;151;52;1,37;1024;Strength;29;2,2;2;33,97;0
43;Male;76,8;1,92;192;161;50;1,24;988;Yoga;21,1;2,5;3;20,83;0
51;Female;54,7;1,53;167;135;69;1,11;674;HIIT;26,8;2;4;23,37;1
20;Male;92,3;1,94;176;131;71;1,14;821;HIIT;24,3;2,1;3;24,52;1
29;Female;71,8;1,55;190;120;68;1,2;720;Cardio;26,3;2,4;4;29,89;1
18;Female;66,9;1,57;193;127;63;1,07;679;Cardio;30,7;2,2;3;27,14;1
22;Female;48,7;1,76;165;167;66;1,37;1144;HIIT;29;2,2;4;15,72;1
47;Male;66,2;1,71;181;169;71;1,42;1188;HIIT;22,8;2,9;3;22,64;0
47;Female;40;1,76;173;132;63;,8;475;Strength;26,7;2,2;3;12,91;0
34;Male;112,4;1,85;162;134;66;1,18;870;HIIT;23,4;3,6;4;32,84;1
40;Female;70;1,55;171;163;74;,85;693;Yoga;31,1;1,5;3;29,14;0
32;Male;84;1,74;195;127;63;1,45;1013;Strength;25,8;2,1;3;27,74;0
54;Female;43,8;1,65;171;129;61;1,29;749;Yoga;26,6;1,7;4;16,09;1
38;Male;123,3;1,62;161;165;65;1,34;1216;Yoga;21,2;2,3;4;46,98;1
28;Male;84,8;1,79;182;138;55;1,35;1025;Cardio;28,8;2,3;4;26,47;1
56;Male;109,6;1,66;188;166;66;1,29;1060;Cardio;20,5;3,1;3;39,77;1
55;Male;86,4;1,77;176;157;61;1;777;Yoga;27,3;2,8;3;27,58;1
51;Female;63,9;1,8;191;130;72;1,07;626;HIIT;33,7;2,7;4;19,72;1
55;Female;70,8;1,62;166;162;68;,54;394;Strength;26;1,8;3;26,98;0
51;Male;115,3;1,67;189;139;55;1,38;950;Yoga;24,4;2,5;3;41,34;1
47;Male;73,9;1,8;173;140;50;1,36;942;Strength;28,3;3,7;3;22,81;0
32;Male;97,3;1,96;189;137;50;1,36;1025;HIIT;24,9;3,4;3;25,33;1
44;Female;60,4;1,65;176;169;54;1,27;966;HIIT;32,6;2,1;4;22,19;1
51;Male;49,3;1,61;191;129;55;1,36;868;Cardio;28,3;2,9;2;19,02;0
55;Male;91,8;1,78;165;153;65;1,44;1091;Cardio;23,5;3,4;3;28,97;0
50;Female;73,6;1,55;183;145;74;,89;581;HIIT;33,9;2,1;3;30,63;0
41;Male;47,1;1,78;165;149;65;1,26;929;Yoga;24,7;2,4;3;14,87;0
32;Male;65,2;1,62;186;128;63;,58;408;Cardio;25,3;3,4;2;24,84;0
59;Male;96,7;1,71;183;150;62;,57;423;Yoga;28,4;2,9;3;33,07;0
34;Female;46,9;1,61;196;161;69;1,02;821;Strength;28,6;1,7;3;18,09;1
22;Female;72,1;1,62;183;123;59;1,38;849;HIIT;25,1;2,1;3;27,47;0
21;Male;110,7;1,69;193;133;59;1,06;775;Yoga;27;2,7;3;38,76;0
27;Male;102,6;1,83;199;123;58;1,41;954;HIIT;26,5;3,5;3;30,64;1
34;Male;115,3;1,81;181;167;67;1,36;1249;Yoga;24,5;2,2;2;35,19;0
41;Male;74,3;1,61;160;136;51;1,06;714;Strength;24,8;3,5;4;28,66;1
22;Female;78,5;1,7;177;138;66;1,36;938;Strength;31,9;2,1;4;27,16;1
51;Female;77,3;1,58;171;168;68;,97;733;Cardio;31,1;2;2;30,96;0
23;Female;64,5;1,7;187;125;72;,51;319;Cardio;30,4;1,7;2;22,32;0
19;Male;72;1,94;199;148;62;1,17;952;Yoga;24,7;3,2;3;19,13;1
30;Female;77,9;1,77;166;130;62;1,41;916;Cardio;27,9;2,6;4;24,87;1
28;Female;69,6;1,58;182;135;50;1,49;1006;Cardio;27,8;2;3;27,88;1
40;Male;68,9;1,99;180;149;51;1,16;951;Cardio;25;2,4;4;17,4;1
33;Male;45,9;1,89;193;144;50;1,45;1148;Cardio;21,6;2,9;3;12,85;1
48;Female;68,2;1,69;170;159;73;,75;537;HIIT;28,4;2,5;3;23,88;0
28;Female;79,6;1,59;181;130;54;1,49;968;HIIT;28,2;1,5;3;31,49;1
33;Female;53,6;1,52;194;126;73;1,02;643;Cardio;30,9;2,3;2;23,2;0
25;Female;57,7;1,58;188;145;52;1,36;986;Yoga;25,7;2,2;3;23,11;1
21;Male;74,2;1,93;187;141;56;1,32;1024;HIIT;28,3;2,5;3;19,92;1
21;Female;54,9;1,78;173;138;71;,55;380;HIIT;31,7;2;2;17,33;0
42;Male;50,3;1,64;177;150;62;,63;468;Strength;27;2,4;3;18,7;0
20;Female;46,5;1,68;187;145;72;,91;660;HIIT;27,9;2,4;2;16,48;0
49;Male;57,8;1,99;183;161;67;,93;741;HIIT;24,7;3,1;3;14,6;0
20;Male;83;1,8;167;160;73;,79;695;Yoga;29,6;2,9;2;25,62;0
46;Female;66,5;1,73;163;142;56;1,11;709;Yoga;34,7;2;3;22,22;0
49;Female;70,2;1,67;186;166;50;,93;695;Strength;32,5;1,8;3;25,17;0
36;Male;121,9;1,93;195;132;54;1,49;1082;Cardio;21,8;3,4;3;32,73;1
38;Female;70,3;1,52;164;144;66;1,19;857;Yoga;25,6;2;4;30,43;1
22;Female;40,3;1,56;192;121;57;1,45;877;HIIT;30,8;2,1;4;16,56;1
35;Male;101,4;1,76;193;121;64;,84;559;HIIT;23,6;2,9;2;32,74;0
45;Male;79,2;1,95;189;135;69;1,47;982;Yoga;22,8;2,8;3;20,83;1
59;Female;75,8;1,77;167;128;53;1,46;841;Strength;33,1;1,8;3;24,19;0
39;Male;71,7;1,88;198;147;51;,55;445;Cardio;23,7;2,2;2;20,29;0
23;Female;47,4;1,6;196;154;50;,76;585;Strength;33,5;1,6;3;18,52;0
18;Female;57,2;1,75;193;160;74;1,29;1032;Cardio;33,5;2,4;3;18,68;1
22;Female;44,8;1,72;166;132;54;1,48;977;Cardio;28,6;1,8;4;15,14;1
58;Male;90,2;1,72;199;150;55;,9;668;HIIT;28,3;2,1;2;30,49;0
43;Male;95,7;1,77;198;151;50;1,08;807;HIIT;24,2;3,4;3;30,55;0
51;Male;59;1,65;198;153;53;1,22;924;HIIT;20,7;2,3;3;21,67;1
43;Female;53,8;1,72;173;160;71;1,03;742;Strength;30,2;2,3;4;18,19;1
26;Female;72,8;1,67;163;121;50;1,37;829;Strength;35;1,9;2;26,1;0
43;Female;66,3;1,77;177;157;57;1,48;1046;HIIT;32,7;1,7;4;21,16;1
39;Female;56;1,6;184;151;69;,89;672;Yoga;32,6;2;2;21,87;0
47;Male;45,9;1,93;166;159;65;1,29;1015;Cardio;29,6;2;3;12,32;1
43;Male;94;1,79;187;156;62;1,31;1012;HIIT;23,2;3,4;2;29,34;0
53;Female;44,7;1,79;164;160;72;1,34;965;Yoga;26,7;2,1;3;13,95;1
18;Male;63,2;1,63;162;120;73;,66;436;Cardio;27,5;2,2;3;23,79;0
25;Male;95,6;1,9;190;160;72;1,47;1294;Cardio;23,8;2,4;4;26,48;1
52;Male;47,8;1,86;179;129;67;1,01;645;Yoga;24,7;2,8;3;13,82;1
39;Male;59,7;1,83;170;154;59;1,35;1143;Strength;29,1;2,3;4;17,83;1
31;Male;70,2;1,98;199;129;61;,71;504;Yoga;24,2;2,5;2;17,91;0
43;Female;72,7;1,8;162;166;50;,79;590;Cardio;32,8;2,1;3;22,44;0
45;Female;50,4;1,79;182;130;59;,74;433;Cardio;27,7;2,5;2;15,73;0
40;Male;81,7;1,74;166;133;58;,91;666;Yoga;27;2,7;2;26,99;0
31;Male;49,3;1,62;182;157;52;,56;484;Strength;20;3,2;2;18,79;0
19;Female;49,1;1,68;193;164;58;1,42;1164;Cardio;25,3;2,6;4;17,4;1
43;Male;66,5;1,83;178;136;59;1,11;747;Yoga;27,1;2,4;3;19,86;1
31;Male;75,5;1,93;168;135;68;,6;446;Cardio;20,5;3,4;2;20,27;0
20;Male;74,8;1,75;184;121;73;1,33;885;Yoga;25;3,3;3;24,42;1
40;Female;72,2;1,6;173;130;67;,87;566;Yoga;29,2;1,9;3;28,2;0
35;Male;62,8;1,63;184;160;63;1,41;1241;Cardio;21,9;3,7;4;23,64;1
55;Male;84,7;1,79;178;122;52;1,19;719;Cardio;23,3;2,4;3;26,43;1
52;Male;116,5;1,69;198;148;51;,53;388;Cardio;27,3;2,4;2;40,79;0
32;Male;77,4;1,92;174;137;50;1,39;1047;Cardio;26,7;3,3;3;21;1
42;Female;72,9;1,62;175;139;67;1,17;732;Yoga;25,7;2;4;27,78;1
54;Female;58,4;1,59;186;166;73;1,08;807;Cardio;32,5;1,9;2;23,1;0
56;Male;90,2;1,61;163;168;51;1,38;1148;Yoga;22,6;2,3;3;34,8;1
34;Female;59;1,62;178;150;56;1,13;847;Cardio;30,9;2,4;4;22,48;1
56;Male;58,7;1,86;187;159;65;1,09;858;Cardio;22,6;3,3;3;16,97;1
39;Male;127,5;1,82;180;161;70;1,26;1116;Strength;29,8;3;3;38,49;1
43;Female;68,6;1,52;173;137;68;1,42;875;Yoga;28,1;2,6;4;29,69;1
42;Female;56,7;1,53;192;149;74;1,07;717;Strength;27,4;1,9;3;24,22;0
34;Female;64,5;1,78;169;144;64;1,33;958;Yoga;27,8;1,8;4;20,36;1
37;Male;75,1;1,82;189;127;60;1,23;859;Yoga;26,4;3,2;4;22,67;1
42;Male;79,3;1,93;181;147;50;1,22;888;Cardio;27,3;3,3;2;21,29;0
21;Female;72,6;1,68;162;127;70;1,19;756;Cardio;34,2;1,8;3;25,72;1
27;Male;76,7;1,7;196;150;56;,96;792;HIIT;29,1;2,1;3;26,54;0
20;Female;44,2;1,61;177;122;69;1,08;659;HIIT;32,4;2,5;2;17,05;0
58;Female;56,5;1,7;170;122;57;,74;406;Yoga;27;2,7;2;19,55;0
35;Male;100,9;1,63;161;163;59;1,1;986;Cardio;28,4;3,1;2;37,98;0
53;Female;55,8;1,55;171;141;54;1,12;711;Strength;27;1,8;4;23,23;1
39;Male;58,3;1,93;165;136;58;1,35;1010;Cardio;27,4;3,7;4;15,65;1
51;Male;48,6;1,77;199;155;74;1,47;1128;Strength;26,9;3,5;2;15,51;0
59;Male;126,4;1,69;168;149;68;1,24;915;Strength;29,5;2,9;3;44,26;0
58;Female;75,4;1,78;161;140;63;1,05;662;Cardio;26;2,5;4;23,8;1
23;Female;65,2;1,62;192;156;59;1,37;1069;Cardio;31,1;2,5;3;24,84;1
43;Female;70,1;1,66;169;151;58;,99;673;Strength;34,6;2,6;2;25,44;0
51;Male;102,6;1,77;193;130;59;1,21;779;HIIT;21;3,4;2;32,75;0
23;Male;107,2;1,93;167;139;55;1,15;879;HIIT;20,2;3,1;4;28,78;1
50;Female;61,6;1,75;192;166;74;1,22;911;Strength;25,5;2,2;4;20,11;1
39;Male;81,7;1,75;165;165;55;1,32;1198;Cardio;29,1;2,8;4;26,68;1
38;Female;76,6;1,58;199;130;53;,74;481;Yoga;32,2;2,3;2;30,68;0
23;Male;116,8;1,79;178;127;69;1;698;Strength;26,8;3,4;4;36,45;1
21;Male;93,7;1,73;186;146;72;1;803;Cardio;27,8;3,6;2;31,31;0
47;Female;41,6;1,58;160;163;68;1,03;756;Yoga;26,6;2,1;4;16,66;1
47;Male;127,1;1,76;199;157;73;,71;552;Strength;24,9;3;2;41,03;0
48;Female;69,1;1,6;191;166;53;1,34;1001;Strength;26,1;2;4;26,99;1
41;Female;66,8;1,74;164;149;57;1,34;898;Yoga;29,2;2,3;3;22,06;0
26;Male;125,5;1,76;176;163;66;1,15;1031;Yoga;23,2;3,1;4;40,52;1
20;Female;71,3;1,58;167;167;54;1,07;893;HIIT;25,4;1,5;3;28,56;1
48;Male;129,2;1,61;193;167;62;1,06;876;Yoga;21,4;2,9;4;49,84;1
57;Male;96,3;1,86;168;146;74;1,1;795;Strength;27,6;2,2;3;27,84;1
54;Female;67,5;1,54;182;140;50;,72;454;Cardio;25,2;1,5;3;28,46;0
41;Female;64,9;1,57;166;123;53;1,04;576;HIIT;25,9;2,4;4;26,33;1
48;Female;52,3;1,66;174;130;71;,74;433;Yoga;33;1,8;3;18,98;0
23;Female;56,7;1,55;179;132;73;1,38;911;Cardio;34;1,9;4;23,6;1
19;Female;46,8;1,63;184;128;63;1,35;864;HIIT;34,4;1,6;4;17,61;1
37;Female;70,3;1,77;162;123;52;1,01;621;Strength;33,7;1,7;2;22,44;0
21;Male;101,2;1,84;181;132;50;1,3;944;Yoga;24,3;3,3;2;29,89;0
23;Female;40,9;1,75;167;145;61;,82;594;Yoga;25,2;2,1;3;13,36;0
47;Male;127,8;1,65;198;157;60;,77;598;Cardio;28,7;3,5;2;46,94;0
55;Female;49,3;1,76;194;161;73;1,28;927;Strength;30,5;2;2;15,92;0
32;Male;49,3;1,62;167;158;74;1,18;1025;Strength;29,3;2,5;3;18,79;1
28;Female;63;1,62;196;147;55;,68;500;Strength;31,7;1,9;2;24,01;0
25;Female;41,1;1,67;186;138;71;1,03;711;Yoga;31,9;2,4;3;14,74;1
43;Female;40,5;1,74;187;143;51;1,5;965;HIIT;32,9;2,2;3;13,38;1
22;Male;71;1,62;199;138;68;,91;691;HIIT;21,2;3,5;2;27,05;0
21;Female;51;1,71;174;132;73;1,07;706;HIIT;34,2;2,2;3;17,44;1
37;Male;76,9;1,82;192;121;50;1,49;992;Strength;24,5;2,8;4;23,22;1
37;Female;73,3;1,74;188;141;65;1,03;726;Cardio;25,5;2,4;3;24,21;1
29;Female;49;1,57;168;132;53;1,33;878;Yoga;26,5;2,6;3;19,88;1
18;Male;114,5;1,97;192;128;60;1,03;725;Cardio;24,1;2,6;3;29,5;0
31;Female;53,5;1,76;172;133;69;1,22;811;Strength;27,6;1,8;4;17,27;1
55;Male;52,1;1,68;180;167;50;,77;637;Yoga;23,6;3;3;18,46;0
54;Female;70,1;1,52;180;139;65;,76;475;HIIT;26,6;2,1;2;30,34;0
28;Male;86,9;1,78;164;134;68;1,29;951;HIIT;24,9;3,7;4;27,43;1
53;Male;73,4;1,76;169;151;70;1,09;815;Yoga;27,9;2,8;3;23,7;1
30;Male;90;1,66;165;152;71;1,32;1104;Cardio;26,6;2,1;4;32,66;1
50;Female;70,4;1,55;160;143;58;,73;470;Strength;29,9;2,7;2;29,3;0
23;Male;57,7;1,71;179;149;58;1,15;942;Strength;27;3,4;3;19,73;1
27;Male;75,7;1,76;167;132;66;,68;494;Cardio;25,3;2,3;3;24,44;0
27;Male;104,3;1,68;162;135;62;1,28;950;Cardio;29,7;3,5;3;36,95;1
19;Female;65,7;1,58;170;121;57;1,46;883;Cardio;25,9;1,9;3;26,32;1
30;Male;120,3;1,96;171;136;65;,66;494;Yoga;23,9;2,6;2;31,32;0
57;Female;51,9;1,57;169;151;67;1,05;713;HIIT;29,1;2,6;3;21,06;1
37;Female;66,9;1,75;184;127;50;1,38;876;Strength;26,5;2,1;4;21,84;1
18;Female;66,9;1,75;170;122;61;,94;573;Yoga;26,8;1,7;2;21,84;0
54;Male;78,7;1,66;195;131;55;1,42;921;Yoga;22,9;2,6;3;28,56;1
34;Male;102,1;1,71;185;135;72;,96;713;HIIT;27,3;3,2;2;34,92;0
26;Male;51,9;2;173;133;54;,75;549;HIIT;26,6;2,3;2;12,97;0
28;Male;58,3;2;198;135;65;1,32;980;Strength;28,2;3;4;14,57;1
41;Male;101,1;1,83;160;162;66;,79;634;Yoga;28,6;3,2;2;30,19;0
55;Male;118,6;1,72;163;168;67;,77;640;Strength;25,9;2,6;3;40,09;0
52;Male;84,8;1,85;189;152;50;1,19;895;Cardio;23,4;3,2;2;24,78;0
47;Male;80;1,77;171;149;68;,72;531;HIIT;28,2;3,5;3;25,54;0
48;Male;73,1;1,83;194;131;71;1,05;681;Yoga;28;2,8;4;21,83;1
22;Male;117,3;1,68;172;134;57;1,24;914;Yoga;28,5;2,7;3;41,56;1
31;Female;77,4;1,71;190;137;52;1,26;863;Cardio;26,2;1,8;4;26,47;1
28;Female;72,9;1,67;197;147;74;1,13;831;Cardio;34,7;2,2;3;26,14;1
26;Female;71,2;1,5;182;142;54;1,15;816;Cardio;34,6;2,6;2;31,64;0
29;Female;75,6;1,8;175;149;57;1,31;976;Yoga;25,7;1,9;4;23,33;1
52;Female;70,6;1,58;181;164;67;1,02;753;HIIT;34,9;2;3;28,28;1
18;Male;118,6;1,64;188;134;67;,94;693;Cardio;25,6;2,7;3;44,1;0
57;Male;55,7;1,99;170;126;70;1,13;705;Strength;23,6;3;3;14,07;1
39;Male;102,3;1,94;192;134;50;,89;656;Yoga;22,9;2,4;3;27,18;0
46;Male;72,6;1,87;188;161;64;1,31;1044;HIIT;22,6;3,4;4;20,76;1
25;Female;63,8;1,68;198;165;67;,95;784;Cardio;31,6;1,9;2;22,6;0
28;Female;67,3;1,67;171;157;74;,61;479;Strength;29,2;2,3;3;24,13;0
54;Female;70,7;1,57;198;163;65;1,14;836;Cardio;31,8;2,1;3;28,68;0
47;Male;98,2;1,9;199;148;64;,76;557;HIIT;22,9;3;3;27,2;0
52;Male;63,6;1,62;168;150;55;1,3;965;Strength;20,8;2,3;4;24,23;1
38;Female;45,2;1,68;193;144;58;1,01;727;HIIT;29,9;2,4;3;16,01;1
54;Male;117,2;1,62;172;143;56;1,04;736;HIIT;23,1;2,3;4;44,66;1
22;Male;107,4;1,74;195;138;63;1,34;1017;Strength;22;2,2;2;35,47;0
36;Female;59,1;1,78;184;121;60;,85;514;Cardio;34,5;2,2;2;18,65;0
31;Female;53,3;1,64;183;141;70;,57;402;Strength;29,4;2,4;3;19,82;0
43;Male;46,2;1,63;176;139;65;1,18;812;Strength;21,7;2,1;2;17,39;0
21;Male;67;1,61;161;152;74;1,32;1104;Yoga;22;2,1;3;25,85;1
42;Male;70,2;1,87;188;165;65;1,38;1127;HIIT;22,7;3,4;3;20,07;1
35;Male;127,1;1,62;187;128;69;1,02;718;Strength;23,3;3,4;4;48,43;1
57;Female;75,6;1,67;186;153;65;1,05;723;Cardio;31,6;1,8;3;27,11;1
25;Female;62,6;1,65;174;142;61;1,2;852;Cardio;27,9;2,2;3;22,99;0
57;Male;96,1;1,74;199;144;54;1,21;862;Cardio;21,6;2,8;3;31,74;1
31;Female;76,7;1,62;174;127;74;1,39;883;Yoga;28,1;2,3;4;29,23;1
49;Male;57,2;1,89;192;135;62;1,14;762;Cardio;21,1;3,5;2;16,01;0
55;Male;69,9;1,81;179;167;57;1,2;992;Strength;20,2;2,1;4;21,34;1
50;Female;67,9;1,77;171;164;73;1,03;760;Yoga;33;2,4;3;21,67;1
32;Male;102,8;1,98;168;120;61;1,24;818;Strength;27,8;2,8;3;26,22;1
50;Female;51,8;1,5;182;141;58;1,32;838;HIIT;33;2,2;3;23,02;0
34;Female;66,5;1,69;191;157;52;,81;636;Cardio;28,1;2,3;3;23,28;0
50;Male;95,4;1,61;173;133;50;1,16;764;Strength;21,5;3,6;4;36,8;1
19;Female;69,2;1,6;186;155;74;1,17;907;Cardio;32,4;1,6;3;27,03;0
31;Female;66,6;1,67;184;137;71;1,02;699;Yoga;31;1,5;4;23,88;1
57;Female;43,8;1,75;180;160;73;1,39;1001;Cardio;25,1;1,7;2;14,3;0
23;Female;44,1;1,62;196;122;58;,58;354;Yoga;25,7;2,7;2;16,8;0
20;Male;55;1,6;172;168;67;1,12;1035;Yoga;24;3,2;4;21,48;1
25;Male;66,6;1,61;184;166;56;1,38;1260;Strength;25;3;2;25,69;0
32;Male;126,4;1,83;198;146;62;1,1;883;HIIT;28,2;2,1;3;37,74;1
46;Male;88,7;1,63;166;146;66;,75;542;Strength;28,8;3,5;2;33,38;0
